"Date ","series ","OPEN ","HIGH ","LOW ","PREV. CLOSE ","ltp ","close ","vwap ","52W H ","52W L ","VOLUME ","VALUE ","No of trades "
"05-Nov-2024","EQ","147.00","152.55","146.95","146.95","152.45","152.29","150.69","184.60","117.50","4,27,72,283","6,44,51,42,415.20","2,44,601"
"04-Nov-2024","EQ","150.00","150.00","145.10","149.75","147.10","146.95","146.86","184.60","117.50","2,55,71,021","3,75,54,35,352.87","2,87,395"
"01-Nov-2024","EQ","149.66","150.25","149.00","148.56","149.70","149.75","149.85","184.60","114.60","51,06,804","76,52,48,053.69","90,862"
"31-Oct-2024","EQ","149.08","149.95","148.20","148.97","148.33","148.56","148.87","184.60","114.60","2,63,83,702","3,92,76,61,607.97","1,92,116"
"30-Oct-2024","EQ","148.10","150.95","148.10","150.06","148.85","148.97","149.65","184.60","114.60","2,13,62,130","3,19,69,26,857.03","1,79,907"
"29-Oct-2024","EQ","149.85","150.45","146.55","149.38","150.10","150.06","148.24","184.60","114.60","3,22,58,407","4,78,20,62,026.21","2,78,118"
"28-Oct-2024","EQ","146.00","149.73","144.73","145.86","149.50","149.38","148.11","184.60","114.60","2,83,86,897","4,20,44,85,399.50","2,02,518"
"25-Oct-2024","EQ","149.00","149.50","144.43","148.98","146.25","145.86","145.89","184.60","114.60","3,97,30,802","5,79,62,63,940.69","3,02,722"
"24-Oct-2024","EQ","149.49","149.83","148.01","148.78","149.06","148.98","148.92","184.60","114.60","2,21,15,070","3,29,34,53,859.18","2,09,076"
"23-Oct-2024","EQ","150.30","151.95","148.05","150.39","148.69","148.78","149.84","184.60","114.60","4,21,07,893","6,30,95,47,439.99","2,45,073"
"22-Oct-2024","EQ","154.90","154.90","150.10","155.03","150.90","150.39","151.88","184.60","114.60","3,90,79,846","5,93,54,26,865.61","2,28,867"
"21-Oct-2024","EQ","156.10","157.93","154.59","155.39","155.00","155.03","155.43","184.60","114.60","2,57,99,090","4,01,00,16,405.81","1,96,995"
"18-Oct-2024","EQ","152.40","156.20","151.10","152.40","155.50","155.39","154.30","184.60","114.60","3,47,50,795","5,36,22,10,491.59","2,12,619"
"17-Oct-2024","EQ","155.65","156.30","152.10","155.24","152.50","152.40","153.63","184.60","114.60","2,84,04,223","4,36,37,40,733.71","1,87,556"
"16-Oct-2024","EQ","155.19","156.55","154.02","155.63","155.10","155.24","155.35","184.60","114.60","2,85,18,262","4,43,03,22,683.94","2,14,491"
"15-Oct-2024","EQ","159.50","159.53","155.05","158.32","155.66","155.63","156.14","184.60","114.60","3,89,64,393","6,08,38,46,366.99","2,61,649"
"14-Oct-2024","EQ","161.88","163.38","158.04","160.66","158.29","158.32","159.69","184.60","114.60","3,55,66,857","5,67,98,04,268.10","2,36,374"
"11-Oct-2024","EQ","159.30","163.78","159.20","159.72","160.85","160.66","161.54","184.60","114.60","5,32,63,433","8,60,41,75,534.70","2,31,565"
"10-Oct-2024","EQ","158.30","161.18","156.60","159.06","159.99","159.72","159.82","184.60","114.60","4,65,07,936","7,43,30,63,758.17","2,85,169"
"09-Oct-2024","EQ","159.52","162.20","158.11","159.52","158.30","159.06","160.33","184.60","114.60","4,27,66,218","6,85,69,06,324.55","2,47,518"
"08-Oct-2024","EQ","163.00","163.59","156.70","164.36","159.89","159.52","159.07","184.60","114.60","7,49,56,764","11,92,30,16,296.84","4,92,897"
"07-Oct-2024","EQ","167.10","167.95","162.33","166.75","164.08","164.36","164.93","184.60","114.60","4,87,75,098","8,04,43,65,273.28","3,74,772"
"04-Oct-2024","EQ","167.00","169.10","164.00","166.98","166.92","166.75","166.97","184.60","114.60","5,38,80,875","8,99,64,65,098.83","3,25,032"
"03-Oct-2024","EQ","165.50","169.99","164.52","167.03","166.99","166.98","167.92","184.60","114.60","7,59,59,797","12,75,49,92,195.57","4,75,585"
"01-Oct-2024","EQ","169.49","169.49","165.10","168.55","166.70","167.03","167.13","184.60","114.60","5,07,61,579","8,48,38,29,166.82","2,85,911"
"30-Sep-2024","EQ","167.50","170.18","167.26","166.55","168.11","168.55","169.02","184.60","114.60","9,23,81,529","15,61,46,00,724.62","4,40,055"
"27-Sep-2024","EQ","167.00","169.01","165.89","165.61","166.13","166.55","167.16","184.60","114.60","7,27,95,668","12,16,87,93,625.37","3,90,367"
"26-Sep-2024","EQ","162.00","165.90","160.48","161.66","165.41","165.61","164.02","184.60","114.60","8,86,61,662","14,54,21,31,498.26","4,02,853"
"25-Sep-2024","EQ","161.50","162.69","159.52","160.53","161.53","161.66","161.19","184.60","114.60","5,80,44,967","9,35,62,42,523.27","3,45,741"
"24-Sep-2024","EQ","155.15","161.50","154.85","153.99","160.65","160.53","159.11","184.60","114.60","13,74,14,352","21,86,40,32,282.12","5,60,847"
"23-Sep-2024","EQ","154.38","154.39","152.80","152.02","153.85","153.99","153.57","184.60","114.60","3,32,81,905","5,11,11,94,267.46","2,32,550"
"20-Sep-2024","EQ","151.00","153.34","150.65","149.54","152.10","152.02","152.14","184.60","114.60","5,38,73,369","8,19,61,75,102.12","2,75,747"
"19-Sep-2024","EQ","151.89","152.19","147.79","150.60","150.08","149.54","149.59","184.60","114.60","3,69,13,781","5,52,18,18,580.40","2,76,513"
"18-Sep-2024","EQ","152.40","152.98","149.61","152.82","150.55","150.60","151.06","184.60","114.60","2,48,56,345","3,75,48,98,081.08","1,93,657"
"17-Sep-2024","EQ","154.00","154.24","152.27","154.21","152.70","152.82","153.06","184.60","114.60","1,82,75,113","2,79,72,51,834.59","1,70,530"
"16-Sep-2024","EQ","155.00","155.66","153.50","153.49","154.15","154.21","154.43","184.60","114.60","3,25,75,460","5,03,05,30,504.26","2,20,809"
"13-Sep-2024","EQ","152.78","155.40","152.50","151.74","153.40","153.49","153.99","184.60","114.60","5,48,94,255","8,45,29,36,106.91","3,07,875"
"12-Sep-2024","EQ","152.00","152.44","148.75","148.17","151.80","151.74","150.69","184.60","114.60","7,31,91,476","11,02,95,00,349.23","3,94,657"
"11-Sep-2024","EQ","149.90","150.20","147.62","149.42","148.38","148.17","148.90","184.60","114.60","2,46,33,287","3,66,78,99,119.21","2,14,629"
"10-Sep-2024","EQ","150.50","151.59","148.81","149.47","149.59","149.42","149.93","184.60","114.60","4,16,07,844","6,23,81,34,738.95","3,03,910"
"09-Sep-2024","EQ","150.90","150.90","148.05","151.22","149.50","149.47","149.39","184.60","114.60","3,26,24,586","4,87,36,87,014.29","3,74,794"
"06-Sep-2024","EQ","151.94","152.90","149.65","151.72","151.25","151.22","151.12","184.60","114.60","3,07,09,532","4,64,07,28,389.77","2,44,219"
"05-Sep-2024","EQ","151.00","152.79","151.00","151.18","152.03","151.72","151.90","184.60","114.60","2,83,47,324","4,30,60,27,852.48","2,04,493"
"04-Sep-2024","EQ","149.50","152.18","149.16","152.15","150.95","151.18","150.88","184.60","114.60","3,96,13,696","5,97,67,22,246.84","2,71,132"
"03-Sep-2024","EQ","152.84","153.45","152.01","152.88","152.28","152.15","152.42","184.60","114.60","1,97,80,066","3,01,48,27,041.84","2,17,103"
"02-Sep-2024","EQ","153.90","153.90","152.14","152.76","152.70","152.88","152.93","184.60","114.60","1,92,00,143","2,93,62,09,047.13","2,02,414"
"30-Aug-2024","EQ","153.00","155.25","152.47","152.97","153.30","152.76","153.54","184.60","114.60","5,51,34,023","8,46,52,02,363.90","2,38,118"
"29-Aug-2024","EQ","153.21","153.56","151.20","153.70","153.15","152.97","152.64","184.60","114.60","4,44,52,983","6,78,54,77,200.23","2,63,576"
"28-Aug-2024","EQ","154.70","155.00","153.05","154.70","153.65","153.70","153.88","184.60","114.60","2,51,95,197","3,87,69,60,988.41","2,00,539"
"27-Aug-2024","EQ","155.80","156.50","154.60","155.70","154.75","154.70","155.27","184.60","114.60","2,45,23,684","3,80,78,46,590.08","1,86,818"
"26-Aug-2024","EQ","154.61","156.40","153.70","154.20","155.90","155.70","155.03","184.60","114.60","3,24,97,603","5,03,81,36,287.29","2,23,228"
"23-Aug-2024","EQ","154.00","154.39","152.55","154.14","154.30","154.20","153.73","184.60","114.60","3,14,90,857","4,84,11,54,185.73","2,03,065"
"22-Aug-2024","EQ","152.51","154.35","152.51","151.92","154.00","154.14","153.67","184.60","114.60","3,67,19,176","5,64,27,70,858.27","2,47,398"
"21-Aug-2024","EQ","153.00","154.18","151.77","153.93","152.00","151.92","152.43","184.60","114.60","4,97,49,381","7,58,33,11,060.60","2,79,210"
"20-Aug-2024","EQ","155.70","155.70","152.80","153.96","153.85","153.93","153.47","184.60","114.60","3,75,59,016","5,76,40,44,551.48","2,51,608"
"19-Aug-2024","EQ","150.85","154.30","150.39","149.52","154.09","153.96","152.26","184.60","114.60","6,28,89,770","9,57,53,47,355.95","4,56,383"
"16-Aug-2024","EQ","148.00","150.00","146.46","146.17","149.50","149.52","147.79","184.60","114.60","5,41,31,721","8,00,02,49,513.64","3,59,932"
"14-Aug-2024","EQ","149.90","149.90","142.35","148.88","146.50","146.17","145.48","184.60","114.60","9,79,11,180","14,24,38,51,337.90","5,69,116"
"13-Aug-2024","EQ","152.10","152.95","148.50","152.06","148.90","148.88","150.42","184.60","114.60","2,93,96,493","4,42,18,44,562.26","3,00,330"
"12-Aug-2024","EQ","151.00","153.40","149.88","151.81","152.14","152.06","152.12","184.60","114.60","3,05,50,334","4,64,73,83,059.79","2,38,401"
"09-Aug-2024","EQ","153.00","153.00","151.25","150.28","151.70","151.81","152.06","184.60","114.60","2,32,90,101","3,54,14,92,860.00","2,59,551"
"08-Aug-2024","EQ","153.40","153.44","150.00","153.86","150.60","150.28","151.32","184.60","114.60","5,18,58,615","7,84,73,12,494.99","3,71,279"
"07-Aug-2024","EQ","153.70","154.30","151.90","150.32","154.15","153.86","153.05","184.60","114.60","3,20,29,697","4,90,21,70,111.94","3,09,953"
"06-Aug-2024","EQ","151.21","153.80","149.61","149.82","151.17","150.32","151.52","184.60","114.60","5,35,07,102","8,10,71,88,228.99","5,89,379"
"05-Aug-2024","EQ","153.66","154.00","149.00","158.22","149.34","149.82","151.19","184.60","114.60","10,28,83,971","15,55,49,00,022.60","9,17,741"
"02-Aug-2024","EQ","161.00","161.19","154.72","163.06","158.39","158.22","158.29","184.60","114.60","7,24,27,529","11,46,46,27,804.85","6,69,777"
"01-Aug-2024","EQ","168.20","168.95","160.90","165.33","163.07","163.06","164.04","184.60","114.60","11,83,41,338","19,41,26,42,515.80","5,12,835"
"31-Jul-2024","EQ","166.29","166.50","163.55","164.07","165.44","165.33","164.78","184.60","114.60","5,27,69,925","8,69,54,59,962.33","2,77,640"
"30-Jul-2024","EQ","162.90","165.30","161.31","162.87","164.55","164.07","163.43","184.60","114.60","4,28,24,600","6,99,89,37,220.51","3,09,634"
"29-Jul-2024","EQ","164.70","164.70","162.33","162.55","162.90","162.87","163.32","184.60","114.60","3,17,54,833","5,18,63,46,203.02","2,53,901"
"26-Jul-2024","EQ","158.75","162.95","158.21","157.39","162.62","162.55","161.88","184.60","114.35","4,56,42,032","7,38,86,88,304.32","2,92,607"
"25-Jul-2024","EQ","158.50","158.50","156.90","160.31","157.50","157.39","157.50","184.60","114.35","4,51,55,876","7,11,21,29,022.84","3,40,737"
"24-Jul-2024","EQ","160.02","162.02","159.19","160.02","160.20","160.31","160.83","184.60","114.35","2,80,86,566","4,51,72,54,761.79","2,24,594"
"23-Jul-2024","EQ","161.60","161.97","155.00","160.32","160.19","160.02","159.14","184.60","114.35","3,70,77,411","5,90,06,78,615.09","3,69,290"
"22-Jul-2024","EQ","158.40","160.70","156.41","157.77","160.69","160.32","159.58","184.60","114.35","4,03,53,690","6,43,97,80,658.54","3,88,728"
"19-Jul-2024","EQ","166.00","166.09","157.20","166.36","158.10","157.77","159.86","184.60","114.35","7,79,87,514","12,46,73,82,132.43","6,97,738"
"18-Jul-2024","EQ","167.61","167.61","164.44","167.07","166.45","166.36","165.60","184.60","114.35","3,65,68,852","6,05,58,94,401.51","3,44,341"
"16-Jul-2024","EQ","167.80","169.82","166.70","166.76","167.25","167.07","168.15","184.60","114.35","2,65,06,026","4,45,71,05,771.25","2,28,148"
"15-Jul-2024","EQ","168.69","168.99","165.80","168.69","167.10","166.76","167.02","184.60","114.35","3,26,35,187","5,45,05,97,682.05","3,25,344"
"12-Jul-2024","EQ","170.20","170.39","168.01","168.92","168.10","168.69","168.98","184.60","111.65","3,33,11,402","5,62,87,97,434.72","2,09,844"
"11-Jul-2024","EQ","170.00","170.95","168.67","167.98","169.45","168.92","169.53","184.60","111.65","3,39,87,236","5,76,17,12,816.45","3,28,338"
"10-Jul-2024","EQ","172.50","172.89","167.02","171.80","168.20","167.98","168.76","184.60","111.65","4,15,25,591","7,00,78,41,961.34","3,56,940"
"09-Jul-2024","EQ","173.60","173.70","171.51","172.28","171.94","171.80","172.31","184.60","111.65","2,51,27,904","4,32,99,05,477.88","3,60,530"
"08-Jul-2024","EQ","174.60","175.47","172.09","174.71","172.49","172.28","173.35","184.60","111.65","3,14,79,861","5,45,70,79,671.28","2,56,103"
"05-Jul-2024","EQ","176.20","176.20","173.40","176.29","175.00","174.71","174.65","184.60","111.25","3,81,23,217","6,65,83,21,110.79","2,62,997"
"04-Jul-2024","EQ","177.00","178.19","175.82","176.37","176.50","176.29","176.85","184.60","111.25","2,95,04,744","5,21,78,39,029.17","3,78,450"
"03-Jul-2024","EQ","174.54","176.88","174.40","174.54","176.38","176.37","175.56","184.60","111.25","2,90,90,492","5,10,70,40,274.06","3,39,843"
"02-Jul-2024","EQ","174.47","175.75","173.60","174.07","174.61","174.54","174.54","184.60","111.25","3,33,59,495","5,82,25,81,444.09","3,90,213"
"01-Jul-2024","EQ","174.50","175.99","173.51","174.01","174.25","174.07","174.62","184.60","111.25","2,78,07,688","4,85,58,62,130.02","2,60,872"
"28-Jun-2024","EQ","174.17","177.10","173.57","174.16","174.75","174.01","175.29","184.60","108.10","3,75,21,949","6,57,72,42,858.11","2,75,273"
"27-Jun-2024","EQ","172.56","174.95","171.80","172.56","174.35","174.16","173.41","184.60","108.10","4,97,67,976","8,63,02,91,052.14","3,49,831"
"26-Jun-2024","EQ","175.68","176.00","171.84","175.68","172.80","172.56","172.87","184.60","108.10","4,40,06,436","7,60,71,81,995.48","3,46,807"
"25-Jun-2024","EQ","177.99","179.00","175.25","177.96","175.86","175.68","176.61","184.60","108.10","3,05,99,989","5,40,41,51,626.85","3,25,368"
"24-Jun-2024","EQ","177.44","178.95","175.10","179.94","177.80","177.96","177.26","184.60","108.10","4,75,97,307","8,43,70,45,247.90","3,14,462"
"21-Jun-2024","EQ","179.40","180.90","178.18","182.28","179.94","179.94","179.76","184.60","108.10","6,54,94,855","11,77,36,31,523.51","2,84,687"
"20-Jun-2024","EQ","181.60","182.95","179.37","180.02","182.75","182.28","181.91","184.60","108.10","3,88,37,494","7,06,48,44,872.79","2,78,129"
"19-Jun-2024","EQ","182.45","182.49","179.31","181.12","180.07","180.02","180.63","184.60","108.10","2,74,76,795","4,96,31,57,445.21","1,97,494"
"18-Jun-2024","EQ","183.80","184.60","180.60","183.15","181.25","181.12","182.12","184.60","108.10","3,50,32,118","6,37,98,81,671.57","2,95,636"
"14-Jun-2024","EQ","182.95","183.50","181.40","182.56","182.90","183.15","182.61","184.10","108.10","2,85,09,237","5,20,59,31,798.41","2,32,292"
"13-Jun-2024","EQ","183.40","184.10","180.51","182.23","182.50","182.56","182.23","184.10","108.10","3,66,69,164","6,68,21,15,954.32","3,32,013"
"12-Jun-2024","EQ","182.25","183.87","181.50","181.33","182.47","182.23","182.95","183.87","108.10","3,33,04,643","6,09,30,95,872.19","2,54,524"
"11-Jun-2024","EQ","180.50","183.75","180.50","180.29","181.60","181.33","182.06","183.75","108.10","5,55,55,544","10,11,46,35,970.89","3,24,246"
"10-Jun-2024","EQ","180.21","182.10","177.36","178.90","180.45","180.29","180.40","182.10","108.10","7,42,86,848","13,40,10,77,404.61","3,20,294"
"07-Jun-2024","EQ","172.00","179.65","170.80","172.05","178.85","178.90","177.14","179.65","107.80","8,43,19,867","14,93,61,04,189.40","4,88,851"
"06-Jun-2024","EQ","170.00","174.70","169.40","169.20","172.15","172.05","172.34","177.70","107.80","5,79,20,819","9,98,18,49,630.15","5,02,032"
"05-Jun-2024","EQ","162.15","169.60","159.00","158.95","169.00","169.20","164.36","177.70","107.80","6,00,98,501","9,87,80,09,016.65","4,38,996"
"04-Jun-2024","EQ","174.50","174.65","148.15","174.25","160.00","158.95","160.74","177.70","107.80","12,50,42,158","20,09,89,94,147.15","7,84,621"
"03-Jun-2024","EQ","173.25","175.00","168.85","167.20","174.35","174.25","172.44","177.70","107.80","8,63,97,540","14,89,83,11,518.85","4,10,714"
"31-May-2024","EQ","166.05","167.95","164.00","164.15","167.45","167.20","166.27","177.70","105.60","8,37,13,848","13,91,93,26,623.35","3,59,449"
"30-May-2024","EQ","172.00","172.00","163.35","174.25","165.20","164.15","166.88","177.70","105.60","10,88,13,875","18,15,84,03,070.95","5,73,678"
"29-May-2024","EQ","174.75","176.00","173.50","174.90","174.00","174.25","174.52","177.70","105.60","3,65,75,550","6,38,32,86,199.70","1,82,235"
"28-May-2024","EQ","175.90","177.50","173.45","175.50","175.10","174.90","175.61","177.70","105.60","3,92,08,456","6,88,55,22,861.00","2,08,812"
"27-May-2024","EQ","177.70","177.70","174.85","174.85","175.70","175.50","176.22","177.70","105.60","3,04,10,585","5,35,89,26,345.45","2,01,390"
"24-May-2024","EQ","174.95","177.55","174.15","175.50","174.90","174.85","176.15","177.55","104.30","3,86,74,485","6,81,23,56,745.80","2,27,760"
"23-May-2024","EQ","173.05","175.80","170.50","173.30","175.15","175.50","173.37","175.80","104.30","4,93,77,680","8,56,04,07,772.75","2,59,776"
"22-May-2024","EQ","175.45","175.50","171.50","174.35","173.05","173.30","173.10","175.50","104.30","4,29,19,832","7,42,95,55,143.25","2,98,848"
"21-May-2024","EQ","168.50","175.20","167.95","167.90","174.00","174.35","172.79","175.20","104.30","8,48,33,644","14,65,84,80,689.45","4,50,461"
"18-May-2024","EQ","168.00","168.30","167.30","167.35","167.80","167.90","167.97","170.75","104.05","36,01,856","60,49,92,471.00","41,951"
"17-May-2024","EQ","166.60","168.45","165.45","165.90","167.20","167.35","167.21","170.75","104.05","3,91,81,277","6,55,16,40,449.55","2,07,093"
"16-May-2024","EQ","167.25","168.00","162.30","165.60","165.85","165.90","165.10","170.75","104.05","4,11,26,570","6,78,99,14,756.65","2,45,941"
"15-May-2024","EQ","164.95","167.55","164.95","164.95","165.85","165.60","166.13","170.75","104.05","2,96,01,304","4,91,77,56,615.05","1,74,079"
"14-May-2024","EQ","164.10","166.55","163.50","163.85","164.85","164.95","165.16","170.75","104.05","4,62,61,468","7,64,07,42,993.35","1,83,357"
"13-May-2024","EQ","162.45","164.50","158.05","162.25","164.00","163.85","161.69","170.75","104.05","3,65,61,003","5,91,16,80,494.35","2,26,641"
"10-May-2024","EQ","163.20","164.35","161.85","161.90","162.40","162.25","162.98","170.75","104.05","3,14,72,419","5,12,93,34,327.70","1,97,325"
"09-May-2024","EQ","165.95","166.70","161.50","166.05","162.00","161.90","164.05","170.75","104.05","3,02,23,088","4,95,81,23,948.30","2,53,157"
"08-May-2024","EQ","164.20","167.10","163.50","164.25","166.40","166.05","165.88","170.75","104.05","3,01,28,705","4,99,78,67,651.85","2,15,473"
"07-May-2024","EQ","167.95","167.95","162.30","167.60","164.20","164.25","164.76","170.75","104.05","4,36,11,824","7,18,56,54,180.00","2,46,880"
"06-May-2024","EQ","167.95","168.65","164.70","166.50","167.50","167.60","167.17","170.75","104.05","3,76,21,296","6,28,92,01,845.55","2,41,194"
"03-May-2024","EQ","168.95","170.75","165.15","167.35","166.50","166.50","168.13","170.75","104.05","6,25,73,586","10,52,04,00,677.30","3,11,958"
"02-May-2024","EQ","165.00","168.90","165.00","165.00","167.60","167.35","167.53","170.70","104.05","6,93,20,283","11,61,34,35,326.65","3,25,535"
"30-Apr-2024","EQ","168.40","168.40","164.50","167.40","164.75","165.00","165.94","170.70","104.05","5,50,43,389","9,13,38,38,759.10","2,46,416"
"29-Apr-2024","EQ","168.20","169.60","166.90","165.80","167.40","167.40","167.97","170.70","104.05","4,49,06,151","7,54,29,47,752.55","2,33,688"
"26-Apr-2024","EQ","168.00","170.70","165.25","167.70","166.20","165.80","167.69","170.70","104.05","6,53,55,111","10,95,95,87,744.55","3,35,513"
"25-Apr-2024","EQ","165.40","168.00","164.15","165.55","167.00","167.70","166.15","169.80","104.05","5,01,28,523","8,32,87,69,807.60","2,51,319"
"24-Apr-2024","EQ","162.45","166.90","161.45","161.15","165.70","165.55","164.89","169.80","104.05","5,98,94,921","9,87,58,69,663.50","2,85,424"
"23-Apr-2024","EQ","163.50","163.50","160.80","161.85","161.10","161.15","161.98","169.80","104.05","3,02,95,177","4,90,72,04,050.10","1,93,536"
"22-Apr-2024","EQ","163.80","164.70","161.50","162.10","162.10","161.85","162.68","169.80","104.05","3,93,04,790","6,39,42,60,034.35","2,18,374"
"19-Apr-2024","EQ","160.00","162.50","157.30","160.05","161.90","162.10","160.47","169.80","104.05","6,00,78,229","9,64,07,77,692.75","3,35,708"
"18-Apr-2024","EQ","160.90","164.00","159.15","160.05","161.20","160.05","161.96","169.80","104.05","6,80,93,672","11,02,83,07,685.70","3,42,037"
"16-Apr-2024","EQ","160.85","162.45","159.00","160.85","160.30","160.05","160.80","169.80","104.05","4,13,91,261","6,65,57,79,993.65","2,46,139"
"15-Apr-2024","EQ","161.80","164.70","158.60","163.50","161.15","160.85","161.55","169.80","104.05","6,64,26,404","10,73,14,69,727.25","3,93,289"
"12-Apr-2024","EQ","166.00","166.00","163.00","165.05","163.50","163.50","164.33","169.80","104.05","5,53,17,636","9,09,04,22,774.55","3,11,078"
"10-Apr-2024","EQ","167.30","169.20","164.50","166.00","165.10","165.05","166.69","169.80","104.05","6,41,34,758","10,69,03,58,754.00","3,52,243"
"09-Apr-2024","EQ","166.00","169.80","165.20","165.20","166.05","166.00","167.56","169.80","104.05","6,38,84,687","10,70,42,98,236.30","3,06,316"
"08-Apr-2024","EQ","166.95","166.95","164.20","163.35","164.90","165.20","165.36","166.95","104.05","4,82,55,703","7,97,94,91,102.00","2,62,899"
"05-Apr-2024","EQ","163.90","164.15","160.80","163.40","163.30","163.35","162.44","166.25","103.20","4,46,68,121","7,25,60,80,475.65","2,59,852"
"04-Apr-2024","EQ","165.55","165.95","161.00","163.65","163.95","163.40","163.29","166.25","103.20","6,10,94,750","9,97,60,16,855.60","3,46,150"
"03-Apr-2024","EQ","164.65","166.25","163.10","164.65","163.60","163.65","164.75","166.25","103.20","5,09,38,559","8,39,19,59,653.70","3,58,923"
"02-Apr-2024","EQ","162.95","165.50","161.80","163.15","164.60","164.65","163.87","165.50","103.20","6,95,33,405","11,39,43,81,243.00","3,35,307"
"01-Apr-2024","EQ","156.80","163.90","156.50","155.85","162.80","163.15","161.41","163.90","103.20","8,45,83,929","13,65,25,41,333.45","3,97,933"
"28-Mar-2024","EQ","152.70","157.00","152.70","152.70","156.20","155.85","155.17","159.15","101.65","6,25,75,327","9,71,01,20,664.75","3,29,742"
"27-Mar-2024","EQ","152.45","154.10","152.00","152.40","152.60","152.70","153.04","159.15","101.65","3,53,28,794","5,40,67,35,730.80","1,99,762"
"26-Mar-2024","EQ","151.15","153.40","150.50","151.80","152.25","152.40","152.04","159.15","101.65","5,29,65,508","8,05,29,25,286.50","2,93,448"
"22-Mar-2024","EQ","149.00","152.75","148.35","150.10","151.45","151.80","151.31","159.15","101.55","6,82,41,556","10,32,53,86,812.25","3,11,476"
"21-Mar-2024","EQ","148.00","151.20","147.80","145.65","150.20","150.10","150.09","159.15","101.55","8,42,25,737","12,64,14,13,031.40","4,39,293"
"20-Mar-2024","EQ","149.60","150.65","143.85","148.75","145.40","145.65","146.24","159.15","101.55","7,75,50,319","11,34,12,30,039.55","3,43,720"
"19-Mar-2024","EQ","149.00","152.45","147.60","149.70","148.70","148.75","149.67","159.15","101.55","10,50,04,268","15,71,61,92,714.60","5,17,768"
"18-Mar-2024","EQ","142.55","150.25","142.20","141.70","148.80","149.70","147.47","159.15","101.55","16,69,13,078","24,61,39,25,688.70","5,75,951"
"15-Mar-2024","EQ","142.90","143.70","139.85","142.45","141.80","141.70","141.75","159.15","101.55","6,84,82,621","9,70,77,07,220.45","3,40,024"
"14-Mar-2024","EQ","143.60","143.95","138.35","143.65","142.70","142.45","141.39","159.15","101.55","9,19,56,952","13,00,14,14,682.75","4,73,239"
"13-Mar-2024","EQ","152.80","152.90","142.50","152.50","143.35","143.65","146.32","159.15","101.55","7,09,37,597","10,37,94,00,488.50","3,86,517"
"12-Mar-2024","EQ","154.20","154.55","150.90","153.45","152.30","152.50","152.46","159.15","101.55","3,49,47,937","5,32,81,22,657.40","2,51,671"
"11-Mar-2024","EQ","158.90","158.90","153.00","157.25","153.75","153.45","154.27","159.15","101.55","5,41,55,385","8,35,45,83,831.05","3,50,516"
"07-Mar-2024","EQ","152.40","159.15","152.25","151.60","157.05","157.25","156.50","159.15","101.55","12,48,47,699","19,53,90,09,874.65","5,69,247"
"06-Mar-2024","EQ","151.80","152.65","147.90","151.85","151.75","151.60","149.88","156.20","101.55","5,17,82,444","7,76,11,23,617.70","2,48,968"
"05-Mar-2024","EQ","153.20","154.00","150.75","153.10","152.00","151.85","152.40","156.20","101.55","3,71,65,490","5,66,41,92,406.90","2,55,164"
"04-Mar-2024","EQ","154.90","154.90","151.05","155.25","153.00","153.10","153.02","156.20","101.55","6,75,77,785","10,34,07,52,738.50","4,53,939"
"02-Mar-2024","EQ","152.00","156.20","151.00","149.95","155.35","155.25","154.02","156.20","101.55","2,16,43,047","3,33,34,79,361.50","1,39,508"
"01-Mar-2024","EQ","143.00","150.65","143.00","140.85","150.55","149.95","147.83","150.65","101.55","12,37,09,943","18,28,82,83,973.95","4,52,172"
"29-Feb-2024","EQ","140.80","141.85","139.40","140.75","141.60","140.85","140.78","147.40","101.55","3,22,48,156","4,54,00,48,126.75","1,84,138"
"28-Feb-2024","EQ","144.05","144.95","140.05","144.20","140.70","140.75","142.20","147.40","101.55","2,07,21,926","2,94,66,18,968.40","1,94,968"
"27-Feb-2024","EQ","142.65","144.50","142.00","142.65","144.20","144.20","143.45","147.40","101.55","2,41,19,469","3,45,98,28,038.65","1,81,981"
"26-Feb-2024","EQ","145.85","145.95","142.25","145.45","142.60","142.65","143.68","147.40","101.55","2,25,70,277","3,24,28,62,425.45","1,81,967"
"23-Feb-2024","EQ","146.40","147.10","145.00","145.90","145.40","145.45","146.22","147.40","101.55","2,84,14,697","4,15,47,98,679.20","2,06,077"
"22-Feb-2024","EQ","145.00","146.15","143.50","143.90","145.95","145.90","145.05","147.40","101.55","4,67,28,176","6,77,81,28,561.45","3,01,165"
"21-Feb-2024","EQ","141.55","146.20","141.45","141.05","144.00","143.90","144.64","147.40","101.55","8,80,00,833","12,72,80,88,397.95","4,02,755"
"20-Feb-2024","EQ","141.95","142.25","140.05","141.95","141.15","141.05","140.86","147.40","101.55","2,42,91,123","3,42,15,58,010.60","1,69,579"
"19-Feb-2024","EQ","142.95","143.35","141.35","142.30","141.80","141.95","142.28","147.40","101.55","1,69,73,568","2,41,49,47,922.85","1,48,665"
"16-Feb-2024","EQ","142.05","143.45","141.50","141.20","142.25","142.30","142.68","147.40","101.55","2,23,16,127","3,18,41,04,399.85","1,59,823"
"15-Feb-2024","EQ","141.50","143.45","141.00","141.20","141.10","141.20","142.05","147.40","101.55","3,15,87,387","4,48,70,16,479.10","2,01,451"
"14-Feb-2024","EQ","137.00","141.50","135.75","137.85","141.45","141.20","138.83","147.40","101.55","2,91,41,690","4,04,58,31,003.05","2,02,721"
"13-Feb-2024","EQ","137.75","138.25","134.10","137.40","137.80","137.85","136.95","147.40","101.55","3,91,55,909","5,36,23,27,557.60","2,05,902"
"12-Feb-2024","EQ","142.00","142.95","136.65","141.30","137.50","137.40","139.16","147.40","101.55","3,64,77,544","5,07,62,68,769.20","2,19,005"
"09-Feb-2024","EQ","144.20","144.45","139.15","143.65","141.30","141.30","141.21","147.40","101.55","3,59,61,925","5,07,80,64,740.80","2,37,401"
"08-Feb-2024","EQ","145.30","145.65","143.05","144.40","143.80","143.65","144.24","147.40","101.55","3,89,97,666","5,62,49,77,247.20","2,56,373"
"07-Feb-2024","EQ","146.85","147.40","144.05","144.65","144.40","144.40","145.61","147.40","101.55","6,15,17,064","8,95,74,48,815.35","2,92,894"
"06-Feb-2024","EQ","143.00","145.10","140.45","141.55","144.60","144.65","143.03","145.10","101.55","5,31,92,936","7,60,80,22,638.70","2,56,507"
"05-Feb-2024","EQ","140.00","143.35","139.35","138.70","141.60","141.55","141.50","143.35","101.55","8,07,37,626","11,42,42,81,407.05","3,75,154"
"02-Feb-2024","EQ","135.30","139.60","134.80","134.80","138.60","138.70","137.64","141.25","101.55","6,92,96,192","9,53,80,94,505.80","3,53,725"
"01-Feb-2024","EQ","136.40","136.75","134.50","135.95","134.90","134.80","135.69","141.25","101.55","3,17,01,793","4,30,15,05,287.60","2,14,127"
"31-Jan-2024","EQ","135.00","136.70","134.50","134.70","135.95","135.95","135.84","141.25","101.55","3,60,79,354","4,90,09,53,896.15","2,17,115"
"30-Jan-2024","EQ","135.60","137.70","134.50","135.00","134.75","134.70","136.17","141.25","101.55","3,57,04,185","4,86,19,61,220.20","2,45,199"
"29-Jan-2024","EQ","134.70","135.40","133.50","133.75","135.05","135.00","134.67","141.25","101.55","2,97,45,400","4,00,56,83,022.65","1,87,551"
"25-Jan-2024","EQ","136.50","136.50","132.00","135.15","134.15","133.75","134.19","141.25","101.55","6,13,58,839","8,23,37,55,323.50","3,06,685"
"24-Jan-2024","EQ","130.20","135.55","130.10","130.10","134.90","135.15","133.35","141.25","101.55","3,93,40,119","5,24,58,53,350.90","2,16,385"
"23-Jan-2024","EQ","134.80","135.20","129.30","133.95","130.05","130.10","132.31","141.25","101.55","3,53,73,970","4,68,04,31,862.50","2,17,517"
"20-Jan-2024","EQ","134.25","135.20","133.30","134.25","133.90","133.95","134.26","141.25","101.55","1,65,78,179","2,22,57,19,129.05","1,22,378"
"19-Jan-2024","EQ","132.60","134.70","131.60","131.00","134.10","134.25","133.63","141.25","101.55","3,26,53,013","4,36,35,34,601.95","1,87,679"
"18-Jan-2024","EQ","131.65","132.25","128.20","131.65","131.35","131.00","130.47","141.25","101.55","4,52,73,496","5,90,66,40,975.60","2,67,573"
"17-Jan-2024","EQ","135.45","135.75","131.40","137.25","131.80","131.65","133.28","141.25","101.55","5,89,82,971","7,86,10,46,380.15","2,98,756"
"16-Jan-2024","EQ","134.70","138.50","134.00","134.90","137.25","137.25","136.59","141.25","101.55","5,63,61,287","7,69,81,43,042.30","2,13,394"
"15-Jan-2024","EQ","136.00","136.25","133.95","135.30","135.00","134.90","134.79","141.25","101.55","3,41,58,775","4,60,43,27,884.95","1,77,458"
"12-Jan-2024","EQ","135.80","136.25","134.65","134.90","135.45","135.30","135.58","141.25","101.55","3,28,83,921","4,45,85,50,005.35","1,70,543"
"11-Jan-2024","EQ","134.85","135.65","134.20","134.10","135.10","134.90","135.05","141.25","101.55","2,31,13,349","3,12,15,21,575.35","1,52,705"
"10-Jan-2024","EQ","133.80","134.70","132.10","133.65","134.15","134.10","133.72","141.25","101.55","2,72,13,624","3,63,90,89,609.30","1,75,426"
"09-Jan-2024","EQ","133.50","134.80","132.50","132.00","133.85","133.65","133.81","141.25","101.55","3,07,36,868","4,11,30,02,298.90","1,68,721"
"08-Jan-2024","EQ","135.30","135.95","131.75","133.65","132.30","132.00","133.63","141.25","101.55","3,95,59,717","5,28,64,69,683.20","2,28,285"
"05-Jan-2024","EQ","135.00","135.95","132.85","134.25","133.70","133.65","134.34","141.25","101.55","7,13,30,190","9,58,21,67,218.80","2,48,067"
"04-Jan-2024","EQ","136.00","136.35","134.00","135.35","134.40","134.25","134.42","141.25","101.55","4,39,13,498","5,90,26,44,745.45","2,49,740"
"03-Jan-2024","EQ","139.50","139.60","134.35","139.60","135.00","135.35","136.44","141.25","101.55","4,51,76,618","6,16,40,41,917.50","2,79,840"
"02-Jan-2024","EQ","140.50","140.60","137.05","139.85","139.50","139.60","139.16","141.25","101.55","2,77,64,060","3,86,37,03,836.75","1,67,466"
"01-Jan-2024","EQ","140.00","140.95","139.05","139.60","139.70","139.85","140.16","141.25","101.55","2,11,86,105","2,96,94,70,656.95","1,87,550"
"29-Dec-2023","EQ","138.60","141.25","137.15","138.15","139.30","139.60","139.52","141.25","101.55","4,92,02,910","6,86,49,63,120.60","2,34,503"
"28-Dec-2023","EQ","138.15","138.75","136.85","137.20","138.25","138.15","137.88","138.90","101.55","3,46,61,176","4,77,91,01,020.60","2,15,436"
"27-Dec-2023","EQ","135.85","138.90","135.50","135.20","137.00","137.20","137.40","138.90","101.55","4,81,01,400","6,60,92,21,199.10","2,40,022"
"26-Dec-2023","EQ","134.70","136.10","134.45","133.55","135.40","135.20","135.43","137.60","101.55","2,59,36,447","3,51,24,75,189.45","1,82,329"
"22-Dec-2023","EQ","132.40","134.75","131.75","131.00","133.45","133.55","133.44","137.60","101.55","3,73,57,334","4,98,48,74,945.75","2,13,314"
"21-Dec-2023","EQ","128.70","131.45","127.85","129.75","131.40","131.00","130.01","137.60","101.55","3,49,14,399","4,53,92,19,050.25","1,98,021"
"20-Dec-2023","EQ","135.90","136.15","128.75","135.40","128.85","129.75","132.87","137.60","101.55","3,94,95,961","5,24,77,06,866.60","2,01,438"
"19-Dec-2023","EQ","136.65","137.60","134.80","136.60","135.50","135.40","135.81","137.60","101.55","2,77,26,431","3,76,54,16,442.20","1,67,461"
"18-Dec-2023","EQ","136.85","137.60","135.10","136.45","136.55","136.60","136.73","137.60","101.55","3,84,61,877","5,25,88,16,795.55","2,59,565"
"15-Dec-2023","EQ","133.40","136.75","133.00","132.00","136.55","136.45","135.24","136.75","101.55","7,73,77,446","10,46,44,13,045.45","2,92,704"
"14-Dec-2023","EQ","132.30","133.25","131.50","131.40","132.00","132.00","132.33","135.00","101.55","4,33,72,143","5,73,93,57,415.20","1,85,803"
"13-Dec-2023","EQ","130.55","131.50","129.15","130.10","131.35","131.40","130.59","135.00","101.55","2,27,67,972","2,97,31,83,996.20","1,46,208"
"12-Dec-2023","EQ","130.05","132.15","129.70","130.05","130.35","130.10","130.87","135.00","101.55","3,06,96,410","4,01,71,98,896.85","1,55,668"
"11-Dec-2023","EQ","129.85","130.50","128.75","129.20","130.25","130.05","129.82","135.00","101.55","2,40,38,059","3,12,05,31,964.30","1,44,371"
"08-Dec-2023","EQ","130.15","131.40","127.95","130.00","129.20","129.20","129.66","135.00","101.55","3,43,93,711","4,45,93,53,470.85","1,64,457"
"07-Dec-2023","EQ","131.70","132.20","129.80","131.85","130.05","130.00","130.51","135.00","101.55","3,46,86,333","4,52,70,01,638.35","1,76,826"
"06-Dec-2023","EQ","132.50","133.40","130.80","131.60","132.00","131.85","132.00","135.00","101.55","4,07,53,593","5,37,95,58,472.95","1,83,004"
"05-Dec-2023","EQ","131.00","132.45","130.00","131.00","131.70","131.60","131.38","135.00","101.55","3,51,92,149","4,62,33,85,317.75","1,91,777"
"04-Dec-2023","EQ","132.20","132.35","130.40","130.00","131.00","131.00","131.07","135.00","101.55","4,12,30,928","5,40,40,51,813.10","2,13,569"
"01-Dec-2023","EQ","128.90","130.30","128.05","127.90","130.00","130.00","129.41","135.00","101.55","3,11,92,397","4,03,64,76,816.00","1,72,753"
"30-Nov-2023","EQ","127.80","128.85","126.50","127.75","127.90","127.90","127.97","135.00","101.55","4,01,65,104","5,13,99,85,066.50","1,73,510"
"29-Nov-2023","EQ","127.15","128.15","126.70","126.85","127.80","127.75","127.60","135.00","101.55","2,30,92,165","2,94,64,45,299.55","1,37,907"
"28-Nov-2023","EQ","127.00","127.00","126.00","125.95","126.95","126.85","126.49","135.00","101.55","1,83,77,843","2,32,45,66,454.85","1,37,072"
"24-Nov-2023","EQ","126.70","127.00","125.55","126.70","126.05","125.95","126.15","135.00","101.55","1,47,19,450","1,85,67,93,943.75","1,04,736"
"23-Nov-2023","EQ","126.35","127.40","125.90","126.10","126.75","126.70","126.78","135.00","101.55","3,07,36,851","3,89,67,87,469.35","1,52,378"
"22-Nov-2023","EQ","126.40","126.90","125.50","126.25","126.30","126.10","126.11","135.00","101.55","1,95,88,063","2,47,03,14,487.15","1,12,127"
"21-Nov-2023","EQ","125.05","126.40","124.95","124.35","126.20","126.25","125.95","135.00","101.55","2,96,43,312","3,73,35,34,250.25","1,52,063"
"20-Nov-2023","EQ","125.05","125.65","124.05","125.20","124.25","124.35","124.89","135.00","101.55","1,87,80,290","2,34,54,28,249.95","1,44,456"
"17-Nov-2023","EQ","124.70","125.75","124.30","124.70","125.00","125.20","125.16","135.00","101.55","2,33,19,439","2,91,85,81,820.75","1,30,629"
"16-Nov-2023","EQ","124.00","125.25","123.00","124.05","124.40","124.70","124.48","135.00","101.55","3,08,36,413","3,83,85,18,574.75","1,65,433"
"15-Nov-2023","EQ","121.70","124.40","121.50","121.00","124.10","124.05","123.38","135.00","101.55","3,83,44,393","4,73,09,75,784.75","1,83,566"
"13-Nov-2023","EQ","120.85","121.25","119.90","120.85","120.80","121.00","120.74","135.00","101.55","1,79,51,775","2,16,74,12,969.40","1,28,808"
"12-Nov-2023","EQ","121.60","121.60","120.60","120.05","120.85","120.85","120.92","135.00","101.55","39,84,034","48,17,33,972.85","69,992"
"10-Nov-2023","EQ","119.50","120.45","118.80","119.65","120.15","120.05","119.81","135.00","101.55","2,35,84,510","2,82,56,63,511.45","1,37,597"
"09-Nov-2023","EQ","119.20","120.50","118.85","119.05","119.65","119.65","119.70","135.00","101.55","2,29,79,112","2,75,05,17,129.70","1,32,295"
"08-Nov-2023","EQ","119.75","120.50","118.55","119.65","119.05","119.05","119.11","135.00","101.55","2,25,52,386","2,68,61,43,473.10","1,28,934"
"07-Nov-2023","EQ","119.30","120.20","118.40","119.40","119.75","119.65","119.62","135.00","101.55","2,58,18,033","3,08,84,35,269.90","1,35,129"
"06-Nov-2023","EQ","118.50","119.65","117.50","117.30","119.60","119.40","118.62","135.00","101.55","2,78,83,152","3,30,74,44,876.55","1,50,363"